Order,Family,Genus,Species_Count
Cupressales,Cupressaceae,Xanthocyparis,0
Cupressales,Cupressaceae,Fokienia,0
Piperales,Piperaceae,Trianaeopiper,0
Laurales,Monimiaceae,Tetrasynandra,0
Laurales,Lauraceae,Mocinnodaphne,0
Magnoliales,Annonaceae,Woodiellantha,0
Magnoliales,Annonaceae,Mezzettiopsis,0
Magnoliales,Annonaceae,Petalolophus,0
Magnoliales,Annonaceae,Fitzalania,0
Magnoliales,Annonaceae,Enicosanthum,0
Magnoliales,Annonaceae,Brieya,0
Magnoliales,Annonaceae,Cyathostemma,0
Magnoliales,Annonaceae,Rauwenhoffia,0
Magnoliales,Annonaceae,Ellipeiopsis,0
Magnoliales,Annonaceae,Ellipeia,0
Magnoliales,Annonaceae,Dennettia,0
Magnoliales,Annonaceae,Rollinia,0
Magnoliales,Annonaceae,Heteropetalum,0
Magnoliales,Annonaceae,Guatteriella,0
Magnoliales,Annonaceae,Guatteriopsis,0
Magnoliales,Annonaceae,Pachypodanthium,0
Magnoliales,Magnoliaceae,Michelia,0
Myrtales,Penaeaceae,Glischrocolla,0
Myrtales,Melastomataceae,Loreya,0
Myrtales,Melastomataceae,Huilaea,0
Myrtales,Onagraceae,Stenosiphon,0
Myrtales,Onagraceae,Gaura,0
Myrtales,Onagraceae,Calylophus,0
Myrtales,Myrtaceae,Angasomyrtus,0
Myrtales,Myrtaceae,Pseudanamomis,0
Myrtales,Myrtaceae,Monimiastrum,0
Myrtales,Myrtaceae,Tepualia,0
Myrtales,Myrtaceae,Carpolepis,0
Myrtales,Myrtaceae,Choricarpia,0
Myrtales,Lythraceae,Hionanthera,0
Myrtales,Lythraceae,Nesaea,0
Geraniales,Geraniaceae,Sarcocaulon,0
Malvales,Thymelaeaceae,Lasiosiphon,0
Malvales,Malvaceae,Jarandersonia,0
Malvales,Malvaceae,Chorisia,0
Sapindales,Rutaceae,Severinia,0
Sapindales,Rutaceae,Poncirus,0
Sapindales,Rutaceae,Boronella,0
Sapindales,Rutaceae,Platydesma,0
Sapindales,Rutaceae,Hesperethusa,0
Brassicales,Cleomaceae,Carsonia,0
Brassicales,Cleomaceae,Peritoma,0
Brassicales,Cleomaceae,Wislizenia,0
Brassicales,Cleomaceae,Oxystylis,0
Brassicales,Cleomaceae,Isomeris,0
Brassicales,Tropaeolaceae,Trophaeastrum,0
Brassicales,Tropaeolaceae,Magallana,0
Brassicales,Brassicaceae,Pterygiosperma,0
Brassicales,Brassicaceae,Coelophragmus,0
Brassicales,Brassicaceae,Catadysia,0
Brassicales,Brassicaceae,Guillenia,0
Brassicales,Brassicaceae,Coluteocarpus,0
Brassicales,Brassicaceae,Eunomia,0
Brassicales,Brassicaceae,Ptilotrichum,0
Brassicales,Brassicaceae,Berteroella,0
Brassicales,Brassicaceae,Tchihatchewia,0
Brassicales,Brassicaceae,Chalcanthus,0
Brassicales,Brassicaceae,Thellungiella,0
Brassicales,Brassicaceae,Sameraria,0
Brassicales,Brassicaceae,Pachypterygium,0
Brassicales,Brassicaceae,Tauscheria,0
Brassicales,Brassicaceae,Boreava,0
Brassicales,Brassicaceae,Euzomodendron,0
Brassicales,Brassicaceae,Erophila,0
Brassicales,Brassicaceae,Bornmuellera_x_Leptoplax,0
Brassicales,Brassicaceae,Physocardamum,0
Brassicales,Brassicaceae,Leptoplax,0
Brassicales,Brassicaceae,Straussiella,0
Brassicales,Brassicaceae,Acanthocardamum,0
Brassicales,Brassicaceae,Coronopus,0
Brassicales,Brassicaceae,Iti,0
Brassicales,Brassicaceae,Neobeckia,0
Brassicales,Brassicaceae,Cheesemania,0
Brassicales,Brassicaceae,Syrenia,0
Brassicales,Brassicaceae,Spirorhynchus,0
Brassicales,Brassicaceae,Phaeonychium,0
Celastrales,Celastraceae,Simirestis,0
Celastrales,Celastraceae,Moya,0
Fabales,Fabaceae,Leonardendron,0
Fabales,Fabaceae,Lasiobema,0
Fabales,Fabaceae,Calia,0
Fabales,Fabaceae,Spartidium,0
Fabales,Fabaceae,Psoralidium,0
Fabales,Fabaceae,Atylosia,0
Fabales,Fabaceae,Brachypterum,0
Fabales,Fabaceae,Jansonia,0
Fabales,Fabaceae,Syrmatium,0
Fabales,Fabaceae,Cracca,0
Fabales,Fabaceae,Hybosema,0
Fabales,Fabaceae,Biserrula,0
Fabales,Fabaceae,Poincianella,0
Fabales,Fabaceae,Stahlia,0
Oxalidales,Cunoniaceae,Acsmithia,0
Cucurbitales,Apodanthaceae,Berlinianche,0
Cucurbitales,Cucurbitaceae,Selysia,0
Cucurbitales,Cucurbitaceae,Anangia,0
Cucurbitales,Cucurbitaceae,Posadaea,0
Cucurbitales,Cucurbitaceae,Praecitrullus,0
Cucurbitales,Cucurbitaceae,Eureiandra,0
Cucurbitales,Cucurbitaceae,Odosicyos,0
Cucurbitales,Cucurbitaceae,Tricyclandra,0
Cucurbitales,Cucurbitaceae,Zygosicyos,0
Cucurbitales,Cucurbitaceae,Pseudosicydium,0
Cucurbitales,Cucurbitaceae,Chalema,0
Rosales,Rosaceae,Taihangia,0
Rosales,Rosaceae,Oncostylus,0
Rosales,Rosaceae,Novosieversia,0
Rosales,Rosaceae,Erythrocoma,0
Rosales,Rosaceae,Acomastylis,0
Rosales,Rosaceae,Comarella,0
Rosales,Rosaceae,Duchesnea,0
Rosales,Rosaceae,Schistophyllidium,0
Rosales,Rosaceae,Sibbaldiopsis,0
Rosales,Rosaceae,Piletophyllum,0
Rosales,Rosaceae,Pseudocydonia,0
Rosales,Rosaceae,Stephanandra,0
Malpighiales,Phyllanthaceae,Oreoporanthera,0
Malpighiales,Phyllanthaceae,Richeriella,0
Malpighiales,Phyllanthaceae,Reverchonia,0
Malpighiales,Phyllanthaceae,Petalodiscus,0
Malpighiales,Ochnaceae,Gomphia,0
Malpighiales,Podostemaceae,Jenmaniella,0
Malpighiales,Podostemaceae,Diplobryum,0
Malpighiales,Podostemaceae,Vanroyenella,0
Malpighiales,Violaceae,Ionidium,0
Malpighiales,Violaceae,Hymenanthera,0
Malpighiales,Malpighiaceae,Triopterys,0
Malpighiales,Euphorbiaceae,Pedilanthus,0
Malpighiales,Euphorbiaceae,Neoholstia,0
Malpighiales,Euphorbiaceae,Oxydectes,0
Malpighiales,Euphorbiaceae,Gelonium,0
Malpighiales,Euphorbiaceae,Deuteromallotus,0
Malpighiales,Euphorbiaceae,Cordemoya,0
Malpighiales,Euphorbiaceae,Gavarretia,0
Malpighiales,Euphorbiaceae,Adenochlaena,0
Malpighiales,Salicaceae,Aphaerema,0
Malpighiales,Salicaceae,Priamosia,0
Fagales,Juglandaceae,Alfaropsis,0
Vitales,Vitaceae,Nothocissus,0
Icacinales,Icacinaceae,Chlamydocarya,0
Boraginales,Heliotropiaceae,Nogalia,0
Boraginales,Heliotropiaceae,Hilgeria,0
Boraginales,Heliotropiaceae,Argusia,0
Boraginales,Heliotropiaceae,Schleidenia,0
Boraginales,Boraginaceae,Amblynotus,0
Boraginales,Boraginaceae,Trigonocaryum,0
Boraginales,Boraginaceae,Setulocarya,0
Boraginales,Boraginaceae,Paraskevia,0
Boraginales,Boraginaceae,Elizaldia,0
Boraginales,Boraginaceae,Ulugbekia,0
Boraginales,Boraginaceae,Macrotomia,0
Boraginales,Boraginaceae,Onosmodium,0
Lamiales,Plantaginaceae,Parahebe,0
Lamiales,Plantaginaceae,Howelliella,0
Lamiales,Orobanchaceae,Ophiocephalus,0
Lamiales,Orobanchaceae,Clevelandia,0
Lamiales,Orobanchaceae,Macrosyringion,0
Lamiales,Orobanchaceae,Bornmuellerantha,0
Lamiales,Orobanchaceae,Myzorrhiza,0
Lamiales,Gesneriaceae,Acanthonema,0
Lamiales,Gesneriaceae,Dolicholoma,0
Lamiales,Gesneriaceae,Calcareoboea,0
Lamiales,Bignoniaceae,Spathicalyx,0
Lamiales,Bignoniaceae,Saritaea,0
Lamiales,Bignoniaceae,Roentgenia,0
Lamiales,Bignoniaceae,Pseudocatalpa,0
Lamiales,Bignoniaceae,Pithecoctenium,0
Lamiales,Bignoniaceae,Phryganocydia,0
Lamiales,Bignoniaceae,Periarrabidaea,0
Lamiales,Bignoniaceae,Paragonia,0
Lamiales,Bignoniaceae,Parabignonia,0
Lamiales,Bignoniaceae,Mussatia,0
Lamiales,Bignoniaceae,Leucocalantha,0
Lamiales,Bignoniaceae,Haplolophium,0
Lamiales,Bignoniaceae,Gardnerodoxa,0
Lamiales,Bignoniaceae,Distictis,0
Lamiales,Bignoniaceae,Ceratophytum,0
Lamiales,Bignoniaceae,Cydista,0
Lamiales,Bignoniaceae,Arrabidaea,0
Lamiales,Bignoniaceae,Macfadyena,0
Lamiales,Verbenaceae,Stylodon,0
Lamiales,Acanthaceae,Golaea,0
Lamiales,Acanthaceae,Harnieria,0
Lamiales,Acanthaceae,Rhaphidospora,0
Lamiales,Acanthaceae,Habracanthus,0
Lamiales,Acanthaceae,Indoneesiella,0
Lamiales,Acanthaceae,Baphicacanthus,0
Lamiales,Acanthaceae,Benoicanthus,0
Lamiales,Scrophulariaceae,Celsia,0
Lamiales,Scrophulariaceae,Reyemia,0
Lamiales,Oleaceae,Cartrema,0
Lamiales,Lamiaceae,Paravitex,0
Lamiales,Lamiaceae,Viticipremna,0
Lamiales,Lamiaceae,Tsoongia,0
Lamiales,Lamiaceae,Mesona,0
Lamiales,Lamiaceae,Solenostemon,0
Lamiales,Lamiaceae,Neoeplingia,0
Lamiales,Lamiaceae,Chaunostoma,0
Lamiales,Lamiaceae,Coridothymus,0
Lamiales,Lamiaceae,Majorana,0
Lamiales,Lamiaceae,Calamintha,0
Lamiales,Lamiaceae,Stachyopsis,0
Lamiales,Lamiaceae,Wiedemannia,0
Lamiales,Lamiaceae,Spartothamnella,0
Lamiales,Lamiaceae,Teucridium,0
Lamiales,Lamiaceae,Faradaya,0
Lamiales,Lamiaceae,Oncinocalyx,0
Solanales,Convolvulaceae,Iseia,0
Solanales,Solanaceae,Nectouxia,0
Solanales,Solanaceae,Margaranthus,0
Gentianales,Rubiaceae,Ariadne,0
Gentianales,Rubiaceae,Guettardella,0
Gentianales,Rubiaceae,Cuatrecasasiodendron,0
Gentianales,Rubiaceae,Pertusadina,0
Gentianales,Rubiaceae,Burttdavya,0
Gentianales,Rubiaceae,Pausinystalia,0
Gentianales,Rubiaceae,Paracoffea,0
Gentianales,Rubiaceae,Ibetralia,0
Gentianales,Rubiaceae,Borojoa,0
Gentianales,Rubiaceae,Canthiopsis,0
Gentianales,Rubiaceae,Dictyandra,0
Gentianales,Rubiaceae,Enterospermum,0
Gentianales,Rubiaceae,Trukia,0
Gentianales,Rubiaceae,Sukunia,0
Gentianales,Rubiaceae,Ecpoma,0
Gentianales,Rubiaceae,Thouarsiora,0
Gentianales,Rubiaceae,Captaincookia,0
Gentianales,Rubiaceae,Doricera,0
Gentianales,Rubiaceae,Versteegia,0
Gentianales,Rubiaceae,Myonima,0
Gentianales,Rubiaceae,Psathura,0
Gentianales,Rubiaceae,Cephaelis,0
Gentianales,Rubiaceae,Cremocarpon,0
Gentianales,Rubiaceae,Readea,0
Gentianales,Rubiaceae,Mapouria,0
Gentianales,Rubiaceae,Spiradiclis,0
Gentianales,Rubiaceae,Sarcopygme,0
Gentianales,Rubiaceae,Pogonolobus,0
Gentianales,Gentianaceae,Chionogentias,0
Gentianales,Gentianaceae,Cotylanthera,0
Gentianales,Apocynaceae,Stemmadenia,0
Gentianales,Apocynaceae,Bonafousia,0
Gentianales,Apocynaceae,Cascabela,0
Gentianales,Apocynaceae,Curroria,0
Gentianales,Apocynaceae,Omphalogonus,0
Gentianales,Apocynaceae,Triodoglossum,0
Gentianales,Apocynaceae,Parquetina,0
Gentianales,Apocynaceae,Clemensiella,0
Gentianales,Apocynaceae,Bidaria,0
Gentianales,Apocynaceae,Madangia,0
Gentianales,Apocynaceae,Absolmsia,0
Gentianales,Apocynaceae,Morrenia,0
Gentianales,Apocynaceae,Schistogyne,0
Gentianales,Apocynaceae,Dactylostelma,0
Gentianales,Apocynaceae,Amblyopetalum,0
Gentianales,Apocynaceae,Sarcostemma,0
Gentianales,Apocynaceae,Rhyncharrhena,0
Gentianales,Apocynaceae,Pleurostelma,0
Gentianales,Apocynaceae,Goydera,0
Gentianales,Apocynaceae,Diplostigma,0
Gentianales,Apocynaceae,Blyttia,0
Gentianales,Apocynaceae,Biondia,0
Gentianales,Apocynaceae,Raphistemma,0
Gentianales,Apocynaceae,Seshagiria,0
Gentianales,Apocynaceae,Graphistemma,0
Gentianales,Apocynaceae,Adelostemma,0
Gentianales,Apocynaceae,Odontanthera,0
Gentianales,Apocynaceae,Glossonema,0
Gentianales,Apocynaceae,Metaplexis,0
Gentianales,Apocynaceae,Pentarrhinum,0
Gentianales,Apocynaceae,Telosiphonia,0
Gentianales,Apocynaceae,Macrosiphonia,0
Gentianales,Apocynaceae,Allotoonia,0
Bruniales,Bruniaceae,Tittmannia,0
Asterales,Campanulaceae,Mindium,0
Asterales,Campanulaceae,Petkovia,0
Asterales,Campanulaceae,Apetahia,0
Asterales,Campanulaceae,Colensoa,0
Asterales,Campanulaceae,Symphyandra,0
Asterales,Campanulaceae,Campanumoea,0
Asterales,Asteraceae,Chrysoprenanthes,0
Asterales,Asteraceae,Actites,0
Asterales,Asteraceae,Sventenia,0
Asterales,Asteraceae,Lactucosonchus,0
Asterales,Asteraceae,Kirkianella,0
Asterales,Asteraceae,Embergeria,0
Asterales,Asteraceae,Babcockia,0
Asterales,Asteraceae,Aetheorhiza,0
Asterales,Asteraceae,Mycelis,0
Asterales,Asteraceae,Lasiospora,0
Asterales,Asteraceae,Sipolisia,0
Asterales,Asteraceae,Lychnophoriopsis,0
Asterales,Asteraceae,Crocodilium,0
Asterales,Asteraceae,Aetheopappus,0
Asterales,Asteraceae,Aegialophila,0
Asterales,Asteraceae,Stemmacantha,0
Asterales,Asteraceae,Carduncellus,0
Asterales,Asteraceae,Schmalhausenia,0
Asterales,Asteraceae,Hypacanthium,0
Asterales,Asteraceae,Cnicus,0
Asterales,Asteraceae,Chucoa,0
Asterales,Asteraceae,Diaspananthus,0
Asterales,Asteraceae,Leucocyclus,0
Asterales,Asteraceae,Phaeostigma,0
Asterales,Asteraceae,Filifolium,0
Asterales,Asteraceae,Sphaeromeria,0
Asterales,Asteraceae,Elachanthemum,0
Asterales,Asteraceae,Rennera,0
Asterales,Asteraceae,Rhynchospermum,0
Asterales,Asteraceae,Peripleura,0
Asterales,Asteraceae,Arida,0
Asterales,Asteraceae,Stuckertiella,0
Asterales,Asteraceae,Gamochaetopsis,0
Asterales,Asteraceae,Philyrophyllum,0
Asterales,Asteraceae,Evacidium,0
Asterales,Asteraceae,Evax,0
Asterales,Asteraceae,Sinoleontopodium,0
Asterales,Asteraceae,Toxanthes,0
Asterales,Asteraceae,Scyphocoronis,0
Asterales,Asteraceae,Nauplius,0
Asterales,Asteraceae,Varthemia,0
Dipsacales,Caprifoliaceae,Cryptothladia,0
Apiales,Araliaceae,Uldinia,0
Apiales,Araliaceae,Sciadodendron,0
Apiales,Araliaceae,Brassaia,0
Apiales,Araliaceae,Sinopanax,0
Apiales,Araliaceae,Didiscus,0
Apiales,Apiaceae,Margotia,0
Apiales,Apiaceae,Guillonea,0
Apiales,Apiaceae,Elaeoselinum,0
Apiales,Apiaceae,Distichoselinum,0
Apiales,Apiaceae,Olymposciadium,0
Apiales,Apiaceae,Mozaffariania,0
Apiales,Apiaceae,Turgeniopsis,0
Apiales,Apiaceae,Physocaulis,0
Apiales,Apiaceae,Oreomyrrhis,0
Apiales,Apiaceae,Tinguarra,0
Apiales,Apiaceae,Krasnovia,0
Apiales,Apiaceae,Balansaea,0
Apiales,Apiaceae,Rouya,0
Apiales,Apiaceae,Monizia,0
Apiales,Apiaceae,Melanoselinum,0
Apiales,Apiaceae,Pachyctenium,0
Apiales,Apiaceae,Polylophium,0
Apiales,Apiaceae,Pseudorlaya,0
Apiales,Apiaceae,Archangelica,0
Apiales,Apiaceae,Johrenia,0
Apiales,Apiaceae,Johreniopsis,0
Apiales,Apiaceae,Kadenia,0
Apiales,Apiaceae,Holandrea,0
Apiales,Apiaceae,Imperatoria,0
Apiales,Apiaceae,Sphenosciadium,0
Apiales,Apiaceae,Kosopoljanskia,0
Apiales,Apiaceae,Chamaele,0
Ericales,Theaceae,Parapyrenaria,0
Ericales,Theaceae,Laplacea,0
Ericales,Theaceae,Glyptocarpa,0
Ericales,Primulaceae,Vitaliana,0
Ericales,Primulaceae,Asterolinon,0
Ericales,Primulaceae,Rapanea,0
Ericales,Primulaceae,Dodecatheon,0
Ericales,Primulaceae,Cortusa,0
Ericales,Sapotaceae,Krausella,0
Ericales,Sapotaceae,Ochrothallus,0
Ericales,Sapotaceae,Corbassona,0
Ericales,Sapotaceae,Trouettia,0
Cornales,Cornaceae,Swida,0
Cornales,Hydrangeaceae,Platycrater,0
Santalales,Thesiaceae,Austroamericium,0
Santalales,Thesiaceae,Kunkeliella,0
Santalales,Thesiaceae,Thesidium,0
Saxifragales,Hamamelidaceae,Tetrathyrium,0
Saxifragales,Crassulaceae,Aizopsis,0
Saxifragales,Crassulaceae,Tacitus,0
Caryophyllales,Chenopodiaceae,Alexandra,0
Caryophyllales,Chenopodiaceae,Borsczowia,0
Caryophyllales,Chenopodiaceae,Kalidiopsis,0
Caryophyllales,Chenopodiaceae,Tegicornia,0
Caryophyllales,Chenopodiaceae,Pachycornia,0
Caryophyllales,Chenopodiaceae,Halosarcia,0
Caryophyllales,Chenopodiaceae,Sclerostegia,0
Caryophyllales,Chenopodiaceae,Halotis,0
Caryophyllales,Chenopodiaceae,Fadenia,0
Caryophyllales,Chenopodiaceae,Stelligera,0
Caryophyllales,Chenopodiaceae,Kirilowia,0
Caryophyllales,Chenopodiaceae,Eriochiton,0
Caryophyllales,Chenopodiaceae,Kochia,0
Caryophyllales,Chenopodiaceae,Panderia,0
Caryophyllales,Chenopodiaceae,Chenoleoides,0
Caryophyllales,Chenopodiaceae,Cremnophyton,0
Caryophyllales,Chenopodiaceae,Blackiella,0
Caryophyllales,Montiaceae,Silvaea,0
Caryophyllales,Montiaceae,Lewisiopsis,0
Caryophyllales,Montiaceae,Parakeelya,0
Caryophyllales,Cactaceae,Corynopuntia,0
Caryophyllales,Cactaceae,Cephalocleistocactus,0
Caryophyllales,Cactaceae,Trichocereus,0
Caryophyllales,Cactaceae,Lobivia,0
Caryophyllales,Cactaceae,Acanthocalycium,0
Caryophyllales,Cactaceae,Mitrocereus,0
Caryophyllales,Cactaceae,Notocactus,0
Caryophyllales,Cactaceae,Cintia,0
Caryophyllales,Didiereaceae,Ceraria,0
Caryophyllales,Plumbaginaceae,Afrolimon,0
Caryophyllales,Polygonaceae,Polygonella,0
Caryophyllales,Polygonaceae,Rubrivena,0
Caryophyllales,Polygonaceae,Antenoron,0
Caryophyllales,Polygonaceae,Pleuropterus,0
Caryophyllales,Caryophyllaceae,Phrynella,0
Caryophyllales,Caryophyllaceae,Ochotonophila,0
Caryophyllales,Caryophyllaceae,Bolbosaponaria,0
Caryophyllales,Caryophyllaceae,Velezia,0
Caryophyllales,Caryophyllaceae,Allochrusa,0
Caryophyllales,Caryophyllaceae,Vaccaria,0
Caryophyllales,Caryophyllaceae,Lychnis,0
Caryophyllales,Caryophyllaceae,Eudianthe,0
Caryophyllales,Caryophyllaceae,Scleranthopsis,0
Caryophyllales,Caryophyllaceae,Geocarpon,0
Caryophyllales,Amaranthaceae,Blutaparon,0
Ranunculales,Lardizabalaceae,Parvatia,0
Ranunculales,Papaveraceae,Stylomecon,0
Ranunculales,Ranunculaceae,Kumlienia,0
Ranunculales,Ranunculaceae,Oreithales,0
Ranunculales,Ranunculaceae,Barneoudia,0
Ranunculales,Ranunculaceae,Knowltonia,0
Ranunculales,Ranunculaceae,Hepatica,0
Asparagales,Asphodelaceae,Rhuacophila,0
Asparagales,Asphodelaceae,Chortolirion,0
Asparagales,Asphodelaceae,Jodrellia,0
Asparagales,Asphodelaceae,Lomatophyllum,0
Asparagales,Tecophilaeaceae,Tecophilaea,0
Asparagales,Hyacinthaceae,Urgineopsis,0
Asparagales,Hyacinthaceae,Tenicroa,0
Asparagales,Hyacinthaceae,Rhadamanthopsis,0
Asparagales,Hyacinthaceae,Litanthus,0
Asparagales,Hyacinthaceae,Indurgia,0
Asparagales,Hyacinthaceae,Rhodocodon,0
Asparagales,Hyacinthaceae,Charybdis,0
Asparagales,Hyacinthaceae,Rhadamanthus,0
Asparagales,Hyacinthaceae,Urginavia,0
Asparagales,Hyacinthaceae,Urginea,0
Asparagales,Hyacinthaceae,Thuranthos,0
Asparagales,Hyacinthaceae,Trimelopter,0
Asparagales,Hyacinthaceae,Coilonox,0
Asparagales,Hyacinthaceae,Melomphis,0
Asparagales,Hyacinthaceae,Cathissa,0
Asparagales,Hyacinthaceae,Galtonia,0
Asparagales,Hyacinthaceae,Othocallis,0
Asparagales,Hyacinthaceae,Tractema,0
Asparagales,Hyacinthaceae,Schnarfia,0
Asparagales,Hyacinthaceae,Pfosseria,0
Asparagales,Hyacinthaceae,Chouardia,0
Asparagales,Hyacinthaceae,Oncostema,0
Asparagales,Hyacinthaceae,Nectaroscilla,0
Asparagales,Asparagaceae,Kreysigia,0
Asparagales,Asparagaceae,Pleomele,0
Asparagales,Asparagaceae,Campylandra,0
Asparagales,Asparagaceae,Tricalistra,0
Asparagales,Asparagaceae,Behria,0
Asparagales,Asparagaceae,Myrsiphyllum,0
Asparagales,Iridaceae,Schizostylis,0
Asparagales,Iridaceae,Onira,0
Asparagales,Iridaceae,Galaxia,0
Asparagales,Iridaceae,Belamcanda,0
Asparagales,Iridaceae,x_Pardancanda,0
Asparagales,Orchidaceae,Bothriochilus,0
Asparagales,Orchidaceae,Christensonia,0
Asparagales,Orchidaceae,Chamaeangis,0
Asparagales,Orchidaceae,Microterangis,0
Asparagales,Orchidaceae,Bonniera,0
Asparagales,Orchidaceae,x_Vandaenopsis,0
Asparagales,Orchidaceae,x_Vandachostylis,0
Asparagales,Orchidaceae,Tsiorchis,0
Asparagales,Orchidaceae,Paraholcoglossum,0
Asparagales,Orchidaceae,Ascocentropsis,0
Asparagales,Orchidaceae,Sedirea,0
Asparagales,Orchidaceae,Rhinerrhiza,0
Asparagales,Orchidaceae,Abdominea,0
Asparagales,Orchidaceae,Ascocentrum,0
Asparagales,Orchidaceae,Phalaenopsis_x_Doritaenopsis,0
Asparagales,Orchidaceae,Neobenthamia,0
Asparagales,Orchidaceae,Adipe,0
Asparagales,Orchidaceae,Cepobaculum,0
Asparagales,Orchidaceae,Trias,0
Asparagales,Orchidaceae,Winika,0
Asparagales,Orchidaceae,Oxysepala,0
Asparagales,Orchidaceae,Grastidium,0
Asparagales,Orchidaceae,Cannaeorchis,0
Asparagales,Orchidaceae,Dockrillia,0
Asparagales,Orchidaceae,Cadetia,0
Asparagales,Orchidaceae,Flickingeria,0
Asparagales,Orchidaceae,Epigeneium,0
Asparagales,Orchidaceae,Diplocaulobium,0
Asparagales,Orchidaceae,Lophiarella,0
Asparagales,Orchidaceae,x_Zelemnia,0
Asparagales,Orchidaceae,x_Oncidesa,0
Asparagales,Orchidaceae,x_Bratonia,0
Asparagales,Orchidaceae,x_Ionocidium,0
Asparagales,Orchidaceae,x_Huangara,0
Asparagales,Orchidaceae,x_Zelenkocidium,0
Asparagales,Orchidaceae,x_Odontocidium,0
Asparagales,Orchidaceae,x_Degarmoara,0
Asparagales,Orchidaceae,x_Colmanara,0
Asparagales,Orchidaceae,x_Beallara,0
Asparagales,Orchidaceae,Dignathe,0
Asparagales,Orchidaceae,Hirtzia,0
Asparagales,Orchidaceae,Lophiaris,0
Asparagales,Orchidaceae,Stictophyllorchis,0
Asparagales,Orchidaceae,Scelochilus,0
Asparagales,Orchidaceae,Raycadenco,0
Asparagales,Orchidaceae,Miltonioides,0
Asparagales,Orchidaceae,Helcia,0
Asparagales,Orchidaceae,Chelyorchis,0
Asparagales,Orchidaceae,Pachyphyllum,0
Asparagales,Orchidaceae,Symphyglossum,0
Asparagales,Orchidaceae,Sphyrastylis,0
Asparagales,Orchidaceae,Sigmatostalix,0
Asparagales,Orchidaceae,Odontoglossum,0
Asparagales,Orchidaceae,Cochlioda,0
Asparagales,Orchidaceae,Brachtia,0
Asparagales,Orchidaceae,Amparoa,0
Asparagales,Orchidaceae,Mesospinidium,0
Asparagales,Orchidaceae,Ada,0
Asparagales,Orchidaceae,Pityphyllum,0
Asparagales,Orchidaceae,Chrysocycnis,0
Asparagales,Orchidaceae,Mormolyca,0
Asparagales,Orchidaceae,Trigonidium,0
Asparagales,Orchidaceae,Pteroglossaspis,0
Asparagales,Orchidaceae,Neooreophilus,0
Asparagales,Orchidaceae,Cucumeria,0
Asparagales,Orchidaceae,Masdevalliantha,0
Asparagales,Orchidaceae,Salpistele,0
Asparagales,Orchidaceae,Restrepiopsis,0
Asparagales,Orchidaceae,Luerella,0
Asparagales,Orchidaceae,Condylago,0
Asparagales,Orchidaceae,Acostaea,0
Asparagales,Orchidaceae,Hoffmannseggella,0
Asparagales,Orchidaceae,Cattleyopsis,0
Asparagales,Orchidaceae,Nageliella,0
Asparagales,Orchidaceae,Tetragamestus,0
Asparagales,Orchidaceae,Sophronitis,0
Asparagales,Orchidaceae,Sophronitella,0
Asparagales,Orchidaceae,Schomburgkia,0
Asparagales,Orchidaceae,Renata,0
Asparagales,Orchidaceae,Oerstedella,0
Asparagales,Orchidaceae,Neolauchea,0
Asparagales,Orchidaceae,Lanium,0
Asparagales,Orchidaceae,Laeliopsis,0
Asparagales,Orchidaceae,Hexisea,0
Asparagales,Orchidaceae,Hexadesmia,0
Asparagales,Orchidaceae,Euchile,0
Asparagales,Orchidaceae,Briegeria,0
Asparagales,Orchidaceae,Amblostoma,0
Asparagales,Orchidaceae,Eburophyton,0
Asparagales,Orchidaceae,Pachygenium,0
Asparagales,Orchidaceae,Dithyridanthus,0
Asparagales,Orchidaceae,Zhukowskia,0
Asparagales,Orchidaceae,Synanthes,0
Asparagales,Orchidaceae,Urochilus,0
Asparagales,Orchidaceae,Taurantha,0
Asparagales,Orchidaceae,Stegostyla,0
Asparagales,Orchidaceae,Stamnorchis,0
Asparagales,Orchidaceae,Speculantha,0
Asparagales,Orchidaceae,Ranorchis,0
Asparagales,Orchidaceae,Plumatichilos,0
Asparagales,Orchidaceae,Pharochilum,0
Asparagales,Orchidaceae,Petrorchis,0
Asparagales,Orchidaceae,Petalochilus,0
Asparagales,Orchidaceae,Oligochaetochilus,0
Asparagales,Orchidaceae,Linguella,0
Asparagales,Orchidaceae,Jonesiopsis,0
Asparagales,Orchidaceae,Hymenochilus,0
Asparagales,Orchidaceae,Eremorchis,0
Asparagales,Orchidaceae,Diplodium,0
Asparagales,Orchidaceae,Crangonorchis,0
Asparagales,Orchidaceae,Bunochilus,0
Asparagales,Orchidaceae,Arachnorchis,0
Asparagales,Orchidaceae,Platythelys,0
Asparagales,Orchidaceae,Pseudocranichis,0
Asparagales,Orchidaceae,Ocampoa,0
Asparagales,Orchidaceae,Exalaria,0
Asparagales,Orchidaceae,Geoblasta,0
Asparagales,Orchidaceae,Paracaleana,0
Asparagales,Orchidaceae,Drakonorchis,0
Asparagales,Orchidaceae,Singularybas,0
Asparagales,Orchidaceae,Corysanthes,0
Asparagales,Orchidaceae,Smithorchis,0
Asparagales,Orchidaceae,Hemipiliopsis,0
Asparagales,Orchidaceae,Nujiangia,0
Asparagales,Orchidaceae,Porolabium,0
Asparagales,Orchidaceae,Diphylax,0
Asparagales,Orchidaceae,Androcorys,0
Asparagales,Orchidaceae,Kusibabella,0
Asparagales,Orchidaceae,Neolindleya,0
Asparagales,Orchidaceae,Amerorchis,0
Asparagales,Orchidaceae,Aorchis,0
Asparagales,Orchidaceae,Thulinia,0
Asparagales,Orchidaceae,Coeloglossum,0
Asparagales,Orchidaceae,Nigritella,0
Asparagales,Orchidaceae,Amitostigma,0
Asparagales,Orchidaceae,Schizodium,0
Asparagales,Hypoxidaceae,Saniella,0
Asparagales,Hypoxidaceae,Spiloxene,0
Asparagales,Amaryllidaceae,Carpolyza,0
Asparagales,Amaryllidaceae,Haylockia,0
Asparagales,Amaryllidaceae,Stemmatium,0
Asparagales,Amaryllidaceae,Cybistetes,0
Asparagales,Amaryllidaceae,Eurycles,0
Asparagales,Amaryllidaceae,Pabellonia,0
Asparagales,Amaryllidaceae,Milula,0
Pandanales,Velloziaceae,Pleurostima,0
Pandanales,Velloziaceae,Nanuza,0
Pandanales,Velloziaceae,Burlemarxia,0
Pandanales,Velloziaceae,Aylthonia,0
Dioscoreales,Dioscoreaceae,Rajania,0
Arecales,Arecaceae,Retispatha,0
Arecales,Arecaceae,Daemonorops,0
Arecales,Arecaceae,Ceratolobus,0
Arecales,Arecaceae,Hexopetion,0
Arecales,Arecaceae,Gastrococos,0
Arecales,Arecaceae,Polyandrococos,0
Arecales,Arecaceae,Orbignya,0
Arecales,Arecaceae,Moratia,0
Arecales,Arecaceae,Lavoixia,0
Arecales,Arecaceae,Brongniartikentia,0
Arecales,Arecaceae,Veillonia,0
Arecales,Arecaceae,Campecarpus,0
Arecales,Arecaceae,Alloschmidia,0
Poales,Restionaceae,Stenotalis,0
Poales,Restionaceae,Ischyrolepis,0
Poales,Restionaceae,Dovea,0
Poales,Restionaceae,Chondropetalum,0
Poales,Restionaceae,Calopsis,0
Poales,Restionaceae,Saropsis,0
Poales,Restionaceae,Guringalia,0
Poales,Restionaceae,Meeboldina,0
Poales,Restionaceae,Acion,0
Poales,Rapateaceae,Cephalostemon,0
Poales,Bromeliaceae,Streptocalyx,0
Poales,Bromeliaceae,Pseudananas,0
Poales,Bromeliaceae,Abromeitiella,0
Poales,Bromeliaceae,Pepinia,0
Poales,Cyperaceae,Vesicarex,0
Poales,Cyperaceae,Uncinia,0
Poales,Cyperaceae,Cymophyllus,0
Poales,Cyperaceae,Kobresia,0
Poales,Cyperaceae,Queenslandiella,0
Poales,Cyperaceae,Remirea,0
Poales,Cyperaceae,Sphaerocyperus,0
Poales,Cyperaceae,Desmoschoenus,0
Poales,Cyperaceae,Alinula,0
Poales,Poaceae,Streblochaete,0
Poales,Poaceae,Psammopyrum,0
Poales,Poaceae,Triticum_x_Lophopyrum,0
Poales,Poaceae,Lophopyrum,0
Poales,Poaceae,Haynaldia,0
Poales,Poaceae,Campeiostachys,0
Poales,Poaceae,Hystrix,0
Poales,Poaceae,Critesion,0
Poales,Poaceae,Pseudosclerochloa,0
Poales,Poaceae,Dielsiochloa,0
Poales,Poaceae,Schedonorus,0
Poales,Poaceae,Wangenheimia,0
Poales,Poaceae,Psilurus,0
Poales,Poaceae,Narduroides,0
Poales,Poaceae,Ctenopsis,0
Poales,Poaceae,Libyella,0
Poales,Poaceae,Erianthecium,0
Poales,Poaceae,Calotheca,0
Poales,Poaceae,Gymnachne,0
Poales,Poaceae,Scribneria,0
Poales,Poaceae,Boissiera,0
Poales,Poaceae,Bromopsis,0
Poales,Poaceae,Neurolepis,0
Poales,Poaceae,Neosinocalamus,0
Poales,Poaceae,Sasaella,0
Poales,Poaceae,Borinda,0
Poales,Poaceae,Qiongzhuea,0
Poales,Poaceae,Menstruocalamus,0
Poales,Poaceae,Brachystachyum,0
Poales,Poaceae,Prionanthium,0
Poales,Poaceae,Urochlaena,0
Poales,Poaceae,Lamprothyrsus,0
Poales,Poaceae,Joycea,0
Poales,Poaceae,Karroochloa,0
Poales,Poaceae,Diplopogon,0
Poales,Poaceae,Thellungia,0
Poales,Poaceae,Crypsis,0
Poales,Poaceae,Calamovilfa,0
Poales,Poaceae,Toliara,0
Poales,Poaceae,Lopholepis,0
Poales,Poaceae,Dasyochloa,0
Poales,Poaceae,Buchloe,0
Poales,Poaceae,Monanthochloe,0
Poales,Poaceae,Pleuraphis,0
Poales,Poaceae,Saugetia,0
Poales,Poaceae,Lintonia,0
Poales,Poaceae,Trichloris,0
Poales,Poaceae,Symplectrodia,0
Poales,Poaceae,Monodia,0
Poales,Poaceae,Odontelytrum,0
Poales,Poaceae,Vetiveria,0
Poales,Poaceae,Sarga,0
Poales,Poaceae,Cleistachne,0
Poales,Poaceae,Saccharum_x_Sorghum,0
Poales,Poaceae,Triarrhena,0
Poales,Poaceae,Centrochloa,0
Poales,Poaceae,Thrasyopsis,0
Poales,Poaceae,Ophiochloa,0
Poales,Poaceae,Dallwatsonia,0
Zingiberales,Zingiberaceae,Nicolaia,0
Zingiberales,Zingiberaceae,Paracautleya,0
Zingiberales,Zingiberaceae,Paramomum,0
Zingiberales,Zingiberaceae,Curcumorpha,0
Zingiberales,Zingiberaceae,Caulokaempferia,0
Zingiberales,Zingiberaceae,Elettariopsis,0
Zingiberales,Marantaceae,Monophrynium,0
Zingiberales,Marantaceae,Cominsia,0
Zingiberales,Marantaceae,Phacelophrynium,0
Zingiberales,Marantaceae,Ataenidia,0
Liliales,Alstroemeriaceae,Leontochir,0
Liliales,Melanthiaceae,Daiswa,0
Liliales,Melanthiaceae,Trillidium,0
Liliales,Melanthiaceae,Kinugasa,0
Liliales,Colchicaceae,Onixotis,0
Alismatales,Zosteraceae,Heterozostera,0
Alismatales,Hydrocharitaceae,Maidenia,0
Alismatales,Hydrocharitaceae,Apalanthe,0
Alismatales,Araceae,Rhektophyllum,0
Alismatales,Araceae,Thomsonia,0
